{"v":"5.1.18","fr":60,"ip":0,"op":337,"w":717,"h":658,"nm":"Scan sensor","ddd":0,"assets":[{"id":"image_0","w":735,"h":678,"u":"images/","p":"img_0.png","e":0},{"id":"image_1","w":796,"h":745,"u":"images/","p":"img_1.png","e":0},{"id":"image_2","w":700,"h":740,"u":"images/","p":"img_2.png","e":0}],"layers":[{"ddd":0,"ind":1,"ty":4,"nm":"Circle NFC location","sr":1,"ks":{"o":{"a":1,"k":[{"i":{"x":[0.667],"y":[1]},"o":{"x":[0.333],"y":[0]},"n":["0p667_1_0p333_0"],"t":0,"s":[0],"e":[30]},{"i":{"x":[0.667],"y":[1]},"o":{"x":[0.333],"y":[0]},"n":["0p667_1_0p333_0"],"t":10,"s":[30],"e":[0]},{"i":{"x":[0.667],"y":[1]},"o":{"x":[0.333],"y":[0]},"n":["0p667_1_0p333_0"],"t":20,"s":[0],"e":[30]},{"i":{"x":[0.667],"y":[1]},"o":{"x":[0.333],"y":[0]},"n":["0p667_1_0p333_0"],"t":30,"s":[30],"e":[0]},{"i":{"x":[0.667],"y":[1]},"o":{"x":[0.333],"y":[0]},"n":["0p667_1_0p333_0"],"t":40,"s":[0],"e":[0]},{"i":{"x":[0.667],"y":[1]},"o":{"x":[0.333],"y":[0]},"n":["0p667_1_0p333_0"],"t":168,"s":[0],"e":[30]},{"i":{"x":[0.667],"y":[1]},"o":{"x":[0.333],"y":[0]},"n":["0p667_1_0p333_0"],"t":178,"s":[30],"e":[0]},{"i":{"x":[0.667],"y":[1]},"o":{"x":[0.333],"y":[0]},"n":["0p667_1_0p333_0"],"t":188,"s":[0],"e":[30]},{"i":{"x":[0.667],"y":[1]},"o":{"x":[0.333],"y":[0]},"n":["0p667_1_0p333_0"],"t":198,"s":[30],"e":[0]},{"t":208}],"ix":11},"r":{"a":0,"k":0,"ix":10},"p":{"a":0,"k":[448,409,0],"ix":2},"a":{"a":0,"k":[0,0,0],"ix":1},"s":{"a":0,"k":[100,100,100],"ix":6}},"ao":0,"shapes":[{"ty":"gr","it":[{"d":1,"ty":"el","s":{"a":0,"k":[59.812,59.812],"ix":2},"p":{"a":0,"k":[0,0],"ix":3},"nm":"Ellipse Path 1","mn":"ADBE Vector Shape - Ellipse","hd":false},{"ty":"fl","c":{"a":0,"k":[0.443136985629,0.819607962814,0.654901960784,1],"ix":4},"o":{"a":0,"k":100,"ix":5},"r":1,"nm":"Fill 1","mn":"ADBE Vector Graphic - Fill","hd":false},{"ty":"tr","p":{"a":0,"k":[-230,-248],"ix":2},"a":{"a":0,"k":[0,0],"ix":1},"s":{"a":0,"k":[100,100],"ix":3},"r":{"a":0,"k":0,"ix":6},"o":{"a":0,"k":100,"ix":7},"sk":{"a":0,"k":0,"ix":4},"sa":{"a":0,"k":0,"ix":5},"nm":"Transform"}],"nm":"Ellipse 1","np":3,"cix":2,"ix":1,"mn":"ADBE Vector Group","hd":false}],"ip":0,"op":337,"st":0,"bm":0},{"ddd":0,"ind":2,"ty":3,"nm":"▽ NFC icon","parent":12,"sr":1,"ks":{"o":{"a":0,"k":100,"ix":11},"r":{"a":0,"k":-60,"ix":10},"p":{"a":0,"k":[212.898,337.235,0],"ix":2},"a":{"a":0,"k":[0,0,0],"ix":1},"s":{"a":0,"k":[157.051,157.051,100],"ix":6}},"ao":0,"ip":0,"op":337,"st":0,"bm":0},{"ddd":0,"ind":3,"ty":4,"nm":"Fill 9","parent":2,"sr":1,"ks":{"o":{"a":0,"k":100,"ix":11},"r":{"a":0,"k":0,"ix":10},"p":{"a":0,"k":[85.51,30.63,0],"ix":2},"a":{"a":0,"k":[29.87,30.23,0],"ix":1},"s":{"a":0,"k":[100,100,100],"ix":6}},"ao":0,"shapes":[{"ty":"gr","it":[{"ind":0,"ty":"sh","ix":1,"ks":{"a":0,"k":{"i":[[0,0],[2.4,-5.53],[-0.3,-0.11],[0,0],[-5.27,0],[0,-7.19],[4.57,-2.03],[0,-0.5],[0.19,-0.42],[0,6.73],[8.59,0]],"o":[[-6.4,0],[0.3,0.05],[0,0],[2.06,-4.51],[7.19,0],[0,5.31],[0.21,0.43],[0,0.47],[5.99,-2.18],[0.01,-8.59],[0,0]],"v":[[14.3,0],[0,9.4],[0.9,9.64],[2.43,10.2],[14.3,2.54],[27.33,15.58],[19.57,27.49],[19.89,28.89],[19.6,30.23],[29.87,15.58],[14.3,0]],"c":true},"ix":2},"nm":"Path 1","mn":"ADBE Vector Shape - Group","hd":false},{"ty":"fl","c":{"a":0,"k":[0.788235008717,0.831372976303,0.847059011459,1],"ix":4},"o":{"a":0,"k":100,"ix":5},"r":1,"nm":"Fill 1","mn":"ADBE Vector Graphic - Fill","hd":false},{"ty":"tr","p":{"a":0,"k":[0,0],"ix":2},"a":{"a":0,"k":[0,0],"ix":1},"s":{"a":0,"k":[200,200],"ix":3},"r":{"a":0,"k":0,"ix":6},"o":{"a":0,"k":100,"ix":7},"sk":{"a":0,"k":0,"ix":4},"sa":{"a":0,"k":0,"ix":5},"nm":"Transform"}],"nm":"Group 1","np":2,"cix":2,"ix":1,"mn":"ADBE Vector Group","hd":false}],"ip":0,"op":337,"st":0,"bm":0},{"ddd":0,"ind":4,"ty":4,"nm":"Fill 8","parent":2,"sr":1,"ks":{"o":{"a":0,"k":100,"ix":11},"r":{"a":0,"k":0,"ix":10},"p":{"a":0,"k":[85.26,31.03,0],"ix":2},"a":{"a":0,"k":[19.96,20.47,0],"ix":1},"s":{"a":0,"k":[100,100,100],"ix":6}},"ao":0,"shapes":[{"ty":"gr","it":[{"ind":0,"ty":"sh","ix":1,"ks":{"a":0,"k":{"i":[[0,0],[5.78,0],[1.69,-3.54],[0,0],[-3.08,0],[0,-4.39],[4.39,0],[0.08,0],[0,0],[0,0],[-0.73,-0.34],[0,4.65]],"o":[[0,-5.79],[-4.18,0],[0,0],[1.32,-2.57],[4.39,0],[0,4.38],[-0.08,0],[0,0],[0,0],[0.93,0],[4.21,-1.36],[0,0]],"v":[[19.96,10.5],[9.47,0],[0,6],[2.4,6.87],[9.47,2.54],[17.43,10.5],[9.47,18.45],[9.24,18.44],[8.7,19.93],[10.19,19.93],[12.71,20.47],[19.96,10.5]],"c":true},"ix":2},"nm":"Path 1","mn":"ADBE Vector Shape - Group","hd":false},{"ty":"fl","c":{"a":0,"k":[0.788235008717,0.831372976303,0.847059011459,1],"ix":4},"o":{"a":0,"k":100,"ix":5},"r":1,"nm":"Fill 1","mn":"ADBE Vector Graphic - Fill","hd":false},{"ty":"tr","p":{"a":0,"k":[0,0],"ix":2},"a":{"a":0,"k":[0,0],"ix":1},"s":{"a":0,"k":[200,200],"ix":3},"r":{"a":0,"k":0,"ix":6},"o":{"a":0,"k":100,"ix":7},"sk":{"a":0,"k":0,"ix":4},"sa":{"a":0,"k":0,"ix":5},"nm":"Transform"}],"nm":"Group 1","np":2,"cix":2,"ix":1,"mn":"ADBE Vector Group","hd":false}],"ip":0,"op":337,"st":0,"bm":0},{"ddd":0,"ind":5,"ty":4,"nm":"Fill 7","parent":2,"sr":1,"ks":{"o":{"a":0,"k":100,"ix":11},"r":{"a":0,"k":0,"ix":10},"p":{"a":0,"k":[84.99,31.49,0],"ix":2},"a":{"a":0,"k":[10.07,10.77,0],"ix":1},"s":{"a":0,"k":[100,100,100],"ix":6}},"ao":0,"shapes":[{"ty":"gr","it":[{"ind":0,"ty":"sh","ix":1,"ks":{"a":0,"k":{"i":[[0,0],[2.98,0],[0.94,-1.59],[0,0],[-0.11,-0.05],[-0.89,0],[0,-1.58],[1.06,-0.43],[0.32,-0.86],[0,0],[0,2.74]],"o":[[0,-2.98],[-1.99,0],[0,0],[0.12,0.04],[0.53,-0.63],[1.59,0],[0,1.21],[0.09,0.85],[0,0],[2.63,-0.35],[0,0]],"v":[[10.07,5.41],[4.66,0],[0,2.67],[2.12,3.45],[2.46,3.59],[4.66,2.54],[7.54,5.41],[5.73,8.08],[5.42,10.67],[5.39,10.77],[10.07,5.41]],"c":true},"ix":2},"nm":"Path 1","mn":"ADBE Vector Shape - Group","hd":false},{"ty":"fl","c":{"a":0,"k":[0.788235008717,0.831372976303,0.847059011459,1],"ix":4},"o":{"a":0,"k":100,"ix":5},"r":1,"nm":"Fill 1","mn":"ADBE Vector Graphic - Fill","hd":false},{"ty":"tr","p":{"a":0,"k":[0,0],"ix":2},"a":{"a":0,"k":[0,0],"ix":1},"s":{"a":0,"k":[200,200],"ix":3},"r":{"a":0,"k":0,"ix":6},"o":{"a":0,"k":100,"ix":7},"sk":{"a":0,"k":0,"ix":4},"sa":{"a":0,"k":0,"ix":5},"nm":"Transform"}],"nm":"Group 1","np":2,"cix":2,"ix":1,"mn":"ADBE Vector Group","hd":false}],"ip":0,"op":337,"st":0,"bm":0},{"ddd":0,"ind":6,"ty":4,"nm":"Fill 6","parent":2,"sr":1,"ks":{"o":{"a":0,"k":100,"ix":11},"r":{"a":0,"k":0,"ix":10},"p":{"a":0,"k":[29.85,78.82,0],"ix":2},"a":{"a":0,"k":[28.05,45.98,0],"ix":1},"s":{"a":0,"k":[100,100,100],"ix":6}},"ao":0,"shapes":[{"ty":"gr","it":[{"ind":0,"ty":"sh","ix":1,"ks":{"a":0,"k":{"i":[[0,0],[0,0],[0,2.03],[0.44,1.24],[-0.57,1.54],[0,0],[0,0],[-0.13,-4.88],[3.18,-1.98],[0,0],[-3.62,1.85],[0,0],[0.27,1.87]],"o":[[0,0],[0.87,-1.61],[0,-1.42],[1.77,-4.54],[1.14,-3.09],[0,0],[-2.35,4.08],[0,0],[0,0],[3.51,-3.25],[7.57,-1.05],[-2.4,-0.1],[0,0]],"v":[[23.5,31.82],[14.94,28.68],[16.33,23.15],[15.63,19.15],[21,5.28],[18.77,0],[9.78,15.32],[6.44,26.39],[0,32.15],[8.69,45.98],[17.77,39.49],[28.05,35.22],[23.5,31.82]],"c":true},"ix":2},"nm":"Path 1","mn":"ADBE Vector Shape - Group","hd":false},{"ty":"fl","c":{"a":0,"k":[0.788235008717,0.831372976303,0.847059011459,1],"ix":4},"o":{"a":0,"k":100,"ix":5},"r":1,"nm":"Fill 1","mn":"ADBE Vector Graphic - Fill","hd":false},{"ty":"tr","p":{"a":0,"k":[0,0],"ix":2},"a":{"a":0,"k":[0,0],"ix":1},"s":{"a":0,"k":[200,200],"ix":3},"r":{"a":0,"k":0,"ix":6},"o":{"a":0,"k":100,"ix":7},"sk":{"a":0,"k":0,"ix":4},"sa":{"a":0,"k":0,"ix":5},"nm":"Transform"}],"nm":"Group 1","np":2,"cix":2,"ix":1,"mn":"ADBE Vector Group","hd":false}],"ip":0,"op":337,"st":0,"bm":0},{"ddd":0,"ind":7,"ty":4,"nm":"Fill 5","parent":2,"sr":1,"ks":{"o":{"a":0,"k":100,"ix":11},"r":{"a":0,"k":0,"ix":10},"p":{"a":0,"k":[59.559,57.682,0],"ix":2},"a":{"a":0,"k":[24.219,36.002,0],"ix":1},"s":{"a":0,"k":[100,100,100],"ix":6}},"ao":0,"shapes":[{"ty":"gr","it":[{"ty":"gr","it":[{"ind":0,"ty":"sh","ix":1,"ks":{"a":0,"k":{"i":[[0,0],[0.36,1.19],[0,0],[0,-0.8],[-0.67,-0.67],[0.42,-1.4],[0,0],[0,1.7]],"o":[[0,-1.3],[0,0],[-0.51,0.61],[0,0.95],[-1.75,0.35],[0,0],[0.57,-1.46],[0,0]],"v":[[0.9,3.76],[0.34,0],[10.07,3.57],[9.26,5.73],[10.34,8.2],[6.83,11.03],[0,8.53],[0.9,3.76]],"c":true},"ix":2},"nm":"Path 1","mn":"ADBE Vector Shape - Group","hd":false},{"ty":"tr","p":{"a":0,"k":[0,24.97],"ix":2},"a":{"a":0,"k":[0,0],"ix":1},"s":{"a":0,"k":[100,100],"ix":3},"r":{"a":0,"k":0,"ix":6},"o":{"a":0,"k":100,"ix":7},"sk":{"a":0,"k":0,"ix":4},"sa":{"a":0,"k":0,"ix":5},"nm":"Transform"}],"nm":"Path","np":1,"cix":2,"ix":1,"mn":"ADBE Vector Group","hd":false},{"ty":"gr","it":[{"ind":0,"ty":"sh","ix":1,"ks":{"a":0,"k":{"i":[[-1.07,-0.39],[-0.4,1.07],[1.07,0.39],[0.39,-1.07]],"o":[[1.07,0.4],[0.39,-1.07],[-1.07,-0.4],[-0.4,1.07]],"v":[[1.35,3.99],[4,2.77],[2.77,0.13],[0.13,1.35]],"c":true},"ix":2},"nm":"Path 1","mn":"ADBE Vector Shape - Group","hd":false},{"ty":"tr","p":{"a":0,"k":[3.46,28.84],"ix":2},"a":{"a":0,"k":[0,0],"ix":1},"s":{"a":0,"k":[100,100],"ix":3},"r":{"a":0,"k":0,"ix":6},"o":{"a":0,"k":100,"ix":7},"sk":{"a":0,"k":0,"ix":4},"sa":{"a":0,"k":0,"ix":5},"nm":"Transform"}],"nm":"Path","np":1,"cix":2,"ix":2,"mn":"ADBE Vector Group","hd":false},{"ty":"mm","mm":1,"nm":"Merge Paths 1","mn":"ADBE Vector Filter - Merge","hd":false},{"ty":"gr","it":[{"ind":0,"ty":"sh","ix":1,"ks":{"a":0,"k":{"i":[[0,0],[0,0],[0.81,-2.24],[0,0],[-0.21,-1.26],[0,0],[0,0],[0,0],[0,0],[0,0],[2.2,0.81]],"o":[[0,0],[-2.19,-0.81],[0,0],[0.74,0.81],[0,0],[0,0],[0,0],[0,0],[0,0],[0.82,-2.24],[0,0]],"v":[[17.34,4.23],[6.48,0.26],[1.03,2.85],[0,5.64],[1.62,8.8],[3.31,4.19],[17.22,9.29],[13.08,20.59],[15.86,20.59],[19.84,9.74],[17.34,4.23]],"c":true},"ix":2},"nm":"Path 1","mn":"ADBE Vector Shape - Group","hd":false},{"ty":"tr","p":{"a":0,"k":[4.11,0],"ix":2},"a":{"a":0,"k":[0,0],"ix":1},"s":{"a":0,"k":[100,100],"ix":3},"r":{"a":0,"k":0,"ix":6},"o":{"a":0,"k":100,"ix":7},"sk":{"a":0,"k":0,"ix":4},"sa":{"a":0,"k":0,"ix":5},"nm":"Transform"}],"nm":"Path","np":1,"cix":2,"ix":4,"mn":"ADBE Vector Group","hd":false},{"ty":"mm","mm":1,"nm":"Merge Paths 2","mn":"ADBE Vector Filter - Merge","hd":false},{"ty":"fl","c":{"a":0,"k":[0.788235008717,0.831372976303,0.847059011459,1],"ix":4},"o":{"a":0,"k":100,"ix":5},"r":1,"nm":"Fill 1","mn":"ADBE Vector Graphic - Fill","hd":false},{"ty":"tr","p":{"a":0,"k":[0,0],"ix":2},"a":{"a":0,"k":[0,0],"ix":1},"s":{"a":0,"k":[200,200],"ix":3},"r":{"a":0,"k":0,"ix":6},"o":{"a":0,"k":100,"ix":7},"sk":{"a":0,"k":0,"ix":4},"sa":{"a":0,"k":0,"ix":5},"nm":"Transform"}],"nm":"Fill 5","np":6,"cix":2,"ix":1,"mn":"ADBE Vector Group","hd":false}],"ip":0,"op":337,"st":0,"bm":0},{"ddd":0,"ind":8,"ty":4,"nm":"Fill 4","parent":2,"sr":1,"ks":{"o":{"a":0,"k":100,"ix":11},"r":{"a":0,"k":0,"ix":10},"p":{"a":0,"k":[85.38,58.18,0],"ix":2},"a":{"a":0,"k":[7.38,5.08,0],"ix":1},"s":{"a":0,"k":[100,100,100],"ix":6}},"ao":0,"shapes":[{"ty":"gr","it":[{"ind":0,"ty":"sh","ix":1,"ks":{"a":0,"k":{"i":[[0,0],[0,0],[0,0],[0,0],[0,0],[0,0],[0,1.4],[1.94,0]],"o":[[0,0],[0,0],[0,0],[0,0],[0,0],[1.95,0],[0,-1.4],[0,0]],"v":[[3.85,0],[3.84,0],[1.86,0],[0,5.08],[3.84,5.08],[3.84,5.08],[7.38,2.54],[3.85,0]],"c":true},"ix":2},"nm":"Path 1","mn":"ADBE Vector Shape - Group","hd":false},{"ty":"fl","c":{"a":0,"k":[0.788235008717,0.831372976303,0.847059011459,1],"ix":4},"o":{"a":0,"k":100,"ix":5},"r":1,"nm":"Fill 1","mn":"ADBE Vector Graphic - Fill","hd":false},{"ty":"tr","p":{"a":0,"k":[0,0],"ix":2},"a":{"a":0,"k":[0,0],"ix":1},"s":{"a":0,"k":[200,200],"ix":3},"r":{"a":0,"k":0,"ix":6},"o":{"a":0,"k":100,"ix":7},"sk":{"a":0,"k":0,"ix":4},"sa":{"a":0,"k":0,"ix":5},"nm":"Transform"}],"nm":"Group 1","np":2,"cix":2,"ix":1,"mn":"ADBE Vector Group","hd":false}],"ip":0,"op":337,"st":0,"bm":0},{"ddd":0,"ind":9,"ty":4,"nm":"Fill 3","parent":2,"sr":1,"ks":{"o":{"a":0,"k":100,"ix":11},"r":{"a":0,"k":0,"ix":10},"p":{"a":0,"k":[59.62,95.55,0],"ix":2},"a":{"a":0,"k":[8.22,5.07,0],"ix":1},"s":{"a":0,"k":[100,100,100],"ix":6}},"ao":0,"shapes":[{"ty":"gr","it":[{"ind":0,"ty":"sh","ix":1,"ks":{"a":0,"k":{"i":[[0,-1.39],[-1.95,0],[0,0],[0,1.01],[0,0],[1.15,0],[0,0]],"o":[[0,1.4],[0,0],[1.15,0],[0,0],[0,-1.02],[0,0],[-1.95,0]],"v":[[0,2.53],[3.54,5.07],[6.12,5.07],[8.22,3.23],[8.22,1.85],[6.12,0],[3.54,0]],"c":true},"ix":2},"nm":"Path 1","mn":"ADBE Vector Shape - Group","hd":false},{"ty":"fl","c":{"a":0,"k":[0.788235008717,0.831372976303,0.847059011459,1],"ix":4},"o":{"a":0,"k":100,"ix":5},"r":1,"nm":"Fill 1","mn":"ADBE Vector Graphic - Fill","hd":false},{"ty":"tr","p":{"a":0,"k":[0,0],"ix":2},"a":{"a":0,"k":[0,0],"ix":1},"s":{"a":0,"k":[200,200],"ix":3},"r":{"a":0,"k":0,"ix":6},"o":{"a":0,"k":100,"ix":7},"sk":{"a":0,"k":0,"ix":4},"sa":{"a":0,"k":0,"ix":5},"nm":"Transform"}],"nm":"Group 1","np":2,"cix":2,"ix":1,"mn":"ADBE Vector Group","hd":false}],"ip":0,"op":337,"st":0,"bm":0},{"ddd":0,"ind":10,"ty":4,"nm":"Fill 2","parent":2,"sr":1,"ks":{"o":{"a":0,"k":100,"ix":11},"r":{"a":0,"k":0,"ix":10},"p":{"a":0,"k":[65.95,83.1,0],"ix":2},"a":{"a":0,"k":[9.41,5.08,0],"ix":1},"s":{"a":0,"k":[100,100,100],"ix":6}},"ao":0,"shapes":[{"ty":"gr","it":[{"ind":0,"ty":"sh","ix":1,"ks":{"a":0,"k":{"i":[[0,0],[-1.95,0],[0,0],[0,0],[0,1.01],[0,0],[1.16,0],[0,0],[0,0],[0,-1.4]],"o":[[0,1.4],[0,0],[0,0],[1.15,0],[0,0],[0,-1.02],[0,0],[0,0],[-1.95,0],[0,0]],"v":[[0,2.54],[3.54,5.08],[3.54,5.08],[7.31,5.08],[9.41,3.23],[9.41,1.85],[7.31,0],[3.54,0],[3.54,0],[0,2.54]],"c":true},"ix":2},"nm":"Path 1","mn":"ADBE Vector Shape - Group","hd":false},{"ty":"fl","c":{"a":0,"k":[0.788235008717,0.831372976303,0.847059011459,1],"ix":4},"o":{"a":0,"k":100,"ix":5},"r":1,"nm":"Fill 1","mn":"ADBE Vector Graphic - Fill","hd":false},{"ty":"tr","p":{"a":0,"k":[0,0],"ix":2},"a":{"a":0,"k":[0,0],"ix":1},"s":{"a":0,"k":[200,200],"ix":3},"r":{"a":0,"k":0,"ix":6},"o":{"a":0,"k":100,"ix":7},"sk":{"a":0,"k":0,"ix":4},"sa":{"a":0,"k":0,"ix":5},"nm":"Transform"}],"nm":"Group 1","np":2,"cix":2,"ix":1,"mn":"ADBE Vector Group","hd":false}],"ip":0,"op":337,"st":0,"bm":0},{"ddd":0,"ind":11,"ty":4,"nm":"Fill 1","parent":2,"sr":1,"ks":{"o":{"a":0,"k":100,"ix":11},"r":{"a":0,"k":0,"ix":10},"p":{"a":0,"k":[72.27,70.64,0],"ix":2},"a":{"a":0,"k":[10.59,5.08,0],"ix":1},"s":{"a":0,"k":[100,100,100],"ix":6}},"ao":0,"shapes":[{"ty":"gr","it":[{"ind":0,"ty":"sh","ix":1,"ks":{"a":0,"k":{"i":[[0,0],[0,0],[0,-1.02],[0,0],[1.16,0],[0,0],[0,1.4],[-1.95,0]],"o":[[0,0],[1.16,0],[0,0],[0,1.02],[0,0],[-1.95,0],[0,-1.4],[0,0]],"v":[[3.54,0],[8.49,0],[10.59,1.85],[10.59,3.23],[8.49,5.08],[3.54,5.08],[0,2.54],[3.54,0]],"c":true},"ix":2},"nm":"Path 1","mn":"ADBE Vector Shape - Group","hd":false},{"ty":"fl","c":{"a":0,"k":[0.788235008717,0.831372976303,0.847059011459,1],"ix":4},"o":{"a":0,"k":100,"ix":5},"r":1,"nm":"Fill 1","mn":"ADBE Vector Graphic - Fill","hd":false},{"ty":"tr","p":{"a":0,"k":[0,0],"ix":2},"a":{"a":0,"k":[0,0],"ix":1},"s":{"a":0,"k":[200,200],"ix":3},"r":{"a":0,"k":0,"ix":6},"o":{"a":0,"k":100,"ix":7},"sk":{"a":0,"k":0,"ix":4},"sa":{"a":0,"k":0,"ix":5},"nm":"Transform"}],"nm":"Group 1","np":2,"cix":2,"ix":1,"mn":"ADBE Vector Group","hd":false}],"ip":0,"op":337,"st":0,"bm":0},{"ddd":0,"ind":12,"ty":2,"nm":"mobile_3.png","cl":"png","refId":"image_0","sr":1,"ks":{"o":{"a":0,"k":100,"ix":11},"r":{"a":0,"k":0,"ix":10},"p":{"a":1,"k":[{"i":{"x":0.667,"y":1},"o":{"x":0.333,"y":0},"n":"0p667_1_0p333_0","t":39,"s":[481,439.853,0],"e":[365,314.853,0],"to":[-19.3333339691162,-20.8333339691162,0],"ti":[0,0,0]},{"i":{"x":0.667,"y":0.667},"o":{"x":0.333,"y":0.333},"n":"0p667_0p667_0p333_0p333","t":78.334,"s":[365,314.853,0],"e":[365,314.853,0],"to":[0,0,0],"ti":[0,0,0]},{"i":{"x":0.667,"y":1},"o":{"x":0.333,"y":0},"n":"0p667_1_0p333_0","t":108,"s":[365,314.853,0],"e":[481,439.853,0],"to":[0,0,0],"ti":[-19.3333339691162,-20.8333339691162,0]},{"i":{"x":0.833,"y":0.833},"o":{"x":0.167,"y":0.167},"n":"0p833_0p833_0p167_0p167","t":147.334,"s":[481,439.853,0],"e":[481,439.853,0],"to":[0,0,0],"ti":[0,0,0]},{"i":{"x":0.667,"y":1},"o":{"x":0.333,"y":0},"n":"0p667_1_0p333_0","t":208,"s":[481,439.853,0],"e":[365,314.853,0],"to":[-19.3333339691162,-20.8333339691162,0],"ti":[0,0,0]},{"i":{"x":0.667,"y":0.667},"o":{"x":0.333,"y":0.333},"n":"0p667_0p667_0p333_0p333","t":247.334,"s":[365,314.853,0],"e":[365,314.853,0],"to":[0,0,0],"ti":[0,0,0]},{"i":{"x":0.667,"y":1},"o":{"x":0.333,"y":0},"n":"0p667_1_0p333_0","t":277,"s":[365,314.853,0],"e":[481,439.853,0],"to":[0,0,0],"ti":[-19.3333339691162,-20.8333339691162,0]},{"t":316.333984375}],"ix":2},"a":{"a":0,"k":[367.5,339,0],"ix":1},"s":{"a":0,"k":[63.673,63.673,100],"ix":6}},"ao":0,"ip":0,"op":337,"st":0,"bm":0},{"ddd":0,"ind":13,"ty":2,"nm":"flat2_2.png","cl":"png","refId":"image_1","sr":1,"ks":{"o":{"a":1,"k":[{"i":{"x":[0.833],"y":[0.833]},"o":{"x":[0.167],"y":[0.167]},"n":["0p833_0p833_0p167_0p167"],"t":147,"s":[100],"e":[0]},{"i":{"x":[0.833],"y":[0.833]},"o":{"x":[0.167],"y":[0.167]},"n":["0p833_0p833_0p167_0p167"],"t":167,"s":[0],"e":[0]},{"i":{"x":[0.833],"y":[0.833]},"o":{"x":[0.167],"y":[0.167]},"n":["0p833_0p833_0p167_0p167"],"t":316,"s":[0],"e":[100]},{"t":336}],"ix":11},"r":{"a":0,"k":0,"ix":10},"p":{"a":0,"k":[200,194.019,0],"ix":2},"a":{"a":0,"k":[398,372.5,0],"ix":1},"s":{"a":0,"k":[43,43,100],"ix":6}},"ao":0,"ip":0,"op":337,"st":0,"bm":0},{"ddd":0,"ind":14,"ty":2,"nm":"tall1_1.png","cl":"png","refId":"image_2","sr":1,"ks":{"o":{"a":1,"k":[{"i":{"x":[0.833],"y":[0.833]},"o":{"x":[0.167],"y":[0.167]},"n":["0p833_0p833_0p167_0p167"],"t":147,"s":[0],"e":[100]},{"i":{"x":[0.833],"y":[0.833]},"o":{"x":[0.167],"y":[0.167]},"n":["0p833_0p833_0p167_0p167"],"t":167,"s":[100],"e":[100]},{"i":{"x":[0.833],"y":[0.833]},"o":{"x":[0.167],"y":[0.167]},"n":["0p833_0p833_0p167_0p167"],"t":316,"s":[100],"e":[0]},{"t":336}],"ix":11},"r":{"a":0,"k":0,"ix":10},"p":{"a":0,"k":[196,201.971,0],"ix":2},"a":{"a":0,"k":[350,370,0],"ix":1},"s":{"a":0,"k":[44.857,44.857,100],"ix":6}},"ao":0,"ip":146,"op":337,"st":0,"bm":0}],"markers":[]}